	benchmark	hardware_vendor	system	cores	chips	cores_per_chip	processor_mhz	base_copies	result	baseline	published	days
0	CINT2006rate	Acer Incorporated	Intel Xeon Gold 6126	24	2	12	2600	48	1360	1290	Oct-2017	6483
1	CINT2006rate	Acer Incorporated	Intel Xeon Gold 6130	32	2	16	2100	64	1540	1450	Oct-2017	6483
2	CINT2006rate	Acer Incorporated	Intel Xeon Gold 6134	16	2	8	3200	32	1060	1000	Oct-2017	6483
3	CINT2006rate	Acer Incorporated	Intel Xeon Gold 6136	24	2	12	3000	48	1480	1410	Oct-2017	6483
4	CINT2006rate	Acer Incorporated	Intel Xeon Gold 6138	40	2	20	2000	80	1790	1700	Oct-2017	6483
5	CINT2006rate	Acer Incorporated	Intel Xeon Gold 6140	36	2	18	2300	72	1780	1690	Oct-2017	6483
6	CINT2006rate	Acer Incorporated	Intel Xeon Gold 6148	40	2	20	2400	80	1950	1850	Oct-2017	6483
7	CINT2006rate	Acer Incorporated	Intel Xeon Gold 6150	36	2	18	2700	72	1940	1850	Oct-2017	6483
8	CINT2006rate	Acer Incorporated	Intel Xeon Gold 6152	44	2	22	2100	88	2020	1920	Oct-2017	6483
9	CINT2006rate	Acer Incorporated	Intel Xeon Gold 6126	24	2	12	2600	48	1360	1290	Oct-2017	6483
10	CINT2006rate	Acer Incorporated	Intel Xeon Gold 6130	32	2	16	2100	64	1540	1450	Oct-2017	6483
11	CINT2006rate	Acer Incorporated	Intel Xeon Gold 6134	16	2	8	3200	32	1060	1000	Oct-2017	6483
12	CINT2006rate	Acer Incorporated	Intel Xeon Gold 6136	24	2	12	3000	48	1480	1410	Oct-2017	6483
13	CINT2006rate	Acer Incorporated	Intel Xeon Gold 6138	40	2	20	2000	80	1790	1700	Oct-2017	6483
14	CINT2006rate	Acer Incorporated	Intel Xeon Gold 6140	36	2	18	2300	72	1780	1690	Oct-2017	6483
15	CINT2006rate	Acer Incorporated	Intel Xeon Gold 6148	40	2	20	2400	80	1950	1850	Oct-2017	6483
16	CINT2006rate	Acer Incorporated	Intel Xeon Gold 6150	36	2	18	2700	72	1940	1850	Oct-2017	6483
17	CINT2006rate	Acer Incorporated	Intel Xeon Gold 6152	44	2	22	2100	88	2020	1920	Oct-2017	6483
18	CINT2006rate	Acer Incorporated	Intel Xeon Gold 6126	24	2	12	2600	48	1360	1290	Oct-2017	6483
19	CINT2006rate	Acer Incorporated	Intel Xeon Gold 6130	32	2	16	2100	64	1500	1420	Oct-2017	6483
20	CINT2006rate	Acer Incorporated	Intel Xeon Gold 6134	16	2	8	3200	32	1060	1000	Oct-2017	6483
21	CINT2006rate	Acer Incorporated	Intel Xeon Gold 6136	24	2	12	3000	48	1480	1410	Oct-2017	6483
22	CINT2006rate	Acer Incorporated	Intel Xeon Gold 6138	36	2	18	2300	72	1740	1660	Oct-2017	6483
23	CINT2006rate	Acer Incorporated	Intel Xeon Gold 6138	40	2	20	2000	80	1790	1700	Oct-2017	6483
24	CINT2006rate	Acer Incorporated	Intel Xeon Gold 6138	40	2	20	2400	80	1930	1840	Oct-2017	6483
25	CINT2006rate	Cisco Systems	Intel Xeon Gold 5118	24	2	12	2300	48	0	1200	Oct-2017	6483
26	CINT2006rate	Cisco Systems	Intel Xeon Gold 5120	28	2	14	2200	56	1430	1350	Oct-2017	6483
27	CINT2006rate	Cisco Systems	Intel Xeon Gold 6138	40	2	20	2000	80	1860	1770	Oct-2017	6483
28	CINT2006rate	Cisco Systems	Intel Xeon Gold 6140	36	2	18	2300	72	1840	1740	Oct-2017	6483
29	CINT2006rate	Cisco Systems	Intel Xeon Gold 6144	16	2	8	3500	32	1160	1100	Oct-2017	6483
30	CINT2006rate	Cisco Systems	Intel Xeon Gold 6146	24	2	12	3200	48	1590	1510	Oct-2017	6483
31	CINT2006rate	Cisco Systems	Intel Xeon Gold 6148	40	2	20	2400	80	1990	1900	Oct-2017	6483
32	CINT2006rate	Cisco Systems	Intel Xeon Gold 6150	36	2	18	2700	72	2020	1930	Oct-2017	6483
33	CINT2006rate	Cisco Systems	Intel Xeon Gold 6152	44	2	22	2100	88	2030	1930	Sep-2017	6453
34	CINT2006rate	Cisco Systems	Intel Xeon Gold 6154	36	2	18	3000	72	2190	2100	Oct-2017	6483
35	CINT2006rate	Cisco Systems	Intel Xeon Gold 5115	20	2	10	2400	40	1020	966	Sep-2017	6453
36	CINT2006rate	Cisco Systems	Intel Xeon Gold 5118	24	2	12	2300	48	1190	1120	Sep-2017	6453
37	CINT2006rate	Cisco Systems	Intel Xeon Gold 5120	28	2	14	2200	56	1330	1260	Sep-2017	6453
38	CINT2006rate	Cisco Systems	Intel Xeon Gold 5122	8	2	4	3600	16	585	551	Sep-2017	6453
39	CINT2006rate	Cisco Systems	Intel Xeon Gold 6126	24	2	12	2600	48	1430	1350	Sep-2017	6453
40	CINT2006rate	Cisco Systems	Intel Xeon Gold 6128	12	2	6	3400	24	866	819	Sep-2017	6453
41	CINT2006rate	Cisco Systems	Intel Xeon Gold 6130	32	2	16	2100	64	1620	1530	Aug-2017	6422
42	CINT2006rate	Cisco Systems	Intel Xeon Gold 6132	28	2	14	2600	56	1620	1530	Sep-2017	6453
43	CINT2006rate	Cisco Systems	Intel Xeon Gold 6134	16	2	8	3200	32	1120	1060	Sep-2017	6453
44	CINT2006rate	Cisco Systems	Intel Xeon Gold 6136	24	2	12	3000	48	1570	1480	Sep-2017	6453
45	CINT2006rate	Cisco Systems	Intel Xeon Gold 6138	40	2	20	2000	80	1900	1800	Aug-2017	6422
46	CINT2006rate	Cisco Systems	Intel Xeon Gold 6140	36	2	18	2300	72	1880	1780	Aug-2017	6422
47	CINT2006rate	Cisco Systems	Intel Xeon Gold 6142	32	2	16	2600	64	1790	1700	Sep-2017	6453
48	CINT2006rate	Cisco Systems	Intel Xeon Gold 6144	16	2	8	3500	32	1180	1110	Sep-2017	6453
49	CINT2006rate	Cisco Systems	Intel Xeon Gold 6146	24	2	12	3200	48	1610	1520	Sep-2017	6453
50	CINT2006rate	Cisco Systems	Intel Xeon Gold 6148	40	2	20	2400	80	2040	1940	Sep-2017	6453
51	CINT2006rate	Cisco Systems	Intel Xeon Gold 6154	36	2	18	3000	72	2180	2080	Sep-2017	6453
52	CINT2006rate	Cisco Systems	Intel Xeon Gold 5115	20	2	10	2400	40	1050	998	Sep-2017	6453
53	CINT2006rate	Cisco Systems	Intel Xeon Gold 5118	24	2	12	2300	48	1190	1120	Aug-2017	6422
54	CINT2006rate	Cisco Systems	Intel Xeon Gold 5120	28	2	14	2200	56	1340	1260	Sep-2017	6453
55	CINT2006rate	Cisco Systems	Intel Xeon Gold 5120	28	2	14	2200	56	1330	1260	Sep-2017	6453
56	CINT2006rate	Cisco Systems	Intel Xeon Gold 5122	8	2	4	3600	16	584	549	Sep-2017	6453
57	CINT2006rate	Cisco Systems	Intel Xeon Gold 6126	24	2	12	2600	48	1430	1350	Sep-2017	6453
58	CINT2006rate	Cisco Systems	Intel Xeon Gold 6128	12	2	6	3400	24	869	818	Sep-2017	6453
59	CINT2006rate	Cisco Systems	Intel Xeon Gold 6130	32	2	16	2100	64	1620	1540	Aug-2017	6422
60	CINT2006rate	Cisco Systems	Intel Xeon Gold 6132	28	2	14	2600	56	1620	1530	Sep-2017	6453
61	CINT2006rate	Cisco Systems	Intel Xeon Gold 6134	16	2	8	3200	32	1120	1060	Sep-2017	6453
62	CINT2006rate	Cisco Systems	Intel Xeon Gold 6134M	16	2	8	3200	32	1120	1060	Oct-2017	6483
63	CINT2006rate	Cisco Systems	Intel Xeon Gold 6136	24	2	12	3000	48	1580	1490	Sep-2017	6453
64	CINT2006rate	Cisco Systems	Intel Xeon Gold 6138	40	2	20	2000	80	1920	1820	Sep-2017	6453
65	CINT2006rate	Cisco Systems	Intel Xeon Gold 6140	36	2	18	2300	72	1900	1800	Sep-2017	6453
66	CINT2006rate	Cisco Systems	Intel Xeon Gold 6140	36	2	18	2300	72	1900	1800	Aug-2017	6422
67	CINT2006rate	Cisco Systems	Intel Xeon Gold 6140M	36	2	18	2300	72	1890	1800	Aug-2017	6422
68	CINT2006rate	Cisco Systems	Intel Xeon Gold 6142	32	2	16	2600	64	1830	1730	Aug-2017	6422
69	CINT2006rate	Cisco Systems	Intel Xeon Gold 6142M	32	2	16	2600	64	1840	1740	Oct-2017	6483
70	CINT2006rate	Cisco Systems	Intel Xeon Gold 6144	16	2	8	3500	32	1180	1110	Sep-2017	6453
71	CINT2006rate	Cisco Systems	Intel Xeon Gold 6148	40	2	20	2400	80	2080	1980	Sep-2017	6453
72	CINT2006rate	Cisco Systems	Intel Xeon Gold 6150	36	2	18	2700	72	2070	1970	Sep-2017	6453
73	CINT2006rate	Cisco Systems	Intel Xeon Gold 6152	44	2	22	2100	88	2120	2020	Sep-2017	6453
74	CINT2006rate	Cisco Systems	Intel Xeon Gold 6154	36	2	18	3000	72	2200	2100	Sep-2017	6453
75	CINT2006rate	Cisco Systems	Intel Xeon Gold 5115	40	4	10	2400	80	2010	1900	Oct-2017	6483
76	CINT2006rate	Cisco Systems	Intel Xeon Gold 5118	48	4	12	2300	96	2380	2240	Sep-2017	6453
77	CINT2006rate	Cisco Systems	Intel Xeon Gold 5120	56	4	14	2200	112	2670	2510	Sep-2017	6453
78	CINT2006rate	Cisco Systems	Intel Xeon Gold 5122	16	4	4	3600	32	1170	1100	Sep-2017	6453
79	CINT2006rate	Cisco Systems	Intel Xeon Gold 6126	48	4	12	2600	96	2760	2610	Sep-2017	6453
80	CINT2006rate	Cisco Systems	Intel Xeon Gold 6128	24	4	6	3400	48	1730	1630	Sep-2017	6453
81	CINT2006rate	Cisco Systems	Intel Xeon Gold 6130	64	4	16	2100	128	3200	3040	Sep-2017	6453
82	CINT2006rate	Cisco Systems	Intel Xeon Gold 6132	56	4	14	2600	112	3200	3040	Sep-2017	6453
83	CINT2006rate	Cisco Systems	Intel Xeon Gold 6134	32	4	8	3200	64	2240	2110	Sep-2017	6453
84	CINT2006rate	Cisco Systems	Intel Xeon Gold 6134M	32	4	8	3200	64	2230	2110	Oct-2017	6483
85	CINT2006rate	Cisco Systems	Intel Xeon Gold 6136	48	4	12	3000	96	3050	2880	Sep-2017	6453
86	CINT2006rate	Cisco Systems	Intel Xeon Gold 6138	80	4	20	2000	160	3650	3460	Aug-2017	6422
87	CINT2006rate	Cisco Systems	Intel Xeon Gold 6140	72	4	18	2300	144	3720	3530	Aug-2017	6422
88	CINT2006rate	Cisco Systems	Intel Xeon Gold 6140M	72	4	18	2300	144	3680	3500	Oct-2017	6483
89	CINT2006rate	Cisco Systems	Intel Xeon Gold 6142	64	4	16	2600	128	3540	3360	Sep-2017	6453
90	CINT2006rate	Cisco Systems	Intel Xeon Gold 6142M	64	4	16	2600	128	3560	3380	Oct-2017	6483
91	CINT2006rate	Cisco Systems	Intel Xeon Gold 6144	32	4	8	3500	64	2330	2200	Sep-2017	6453
92	CINT2006rate	Cisco Systems	Intel Xeon Gold 6146	48	4	12	3200	96	3140	2980	Sep-2017	6453
93	CINT2006rate	Cisco Systems	Intel Xeon Gold 6148	80	4	20	2400	160	4020	3820	Sep-2017	6453
94	CINT2006rate	Cisco Systems	Intel Xeon Gold 6150	72	4	18	2700	144	3950	3770	Sep-2017	6453
95	CINT2006rate	Cisco Systems	Intel Xeon Gold 6152	88	4	22	2100	176	4110	3920	Sep-2017	6453
96	CINT2006rate	Cisco Systems	Intel Xeon Gold 6154	72	4	18	3000	144	4240	4060	Sep-2017	6453
97	CINT2006rate	Dell Inc.	Intel Xeon Gold 5115	20	2	10	2400	40	998	955	Aug-2017	6422
98	CINT2006rate	Dell Inc.	Intel Xeon Gold 5118	24	2	12	2300	48	1200	1140	Aug-2017	6422
99	CINT2006rate	Dell Inc.	Intel Xeon Gold 5118	24	2	12	2300	48	1200	1140	Aug-2017	6422
100	CINT2006rate	Dell Inc.	Intel Xeon Gold 5120	28	2	14	2200	56	1310	1250	Aug-2017	6422
101	CINT2006rate	Dell Inc.	Intel Xeon Gold 5120	28	2	14	2200	56	1310	1250	Aug-2017	6422
102	CINT2006rate	Dell Inc.	Intel Xeon Gold 5122	8	2	4	3600	16	506	481	Aug-2017	6422
103	CINT2006rate	Dell Inc.	Intel Xeon Gold 5122	8	2	4	3600	16	516	490	Aug-2017	6422
104	CINT2006rate	Dell Inc.	Intel Xeon Gold 5122	8	2	4	3600	16	580	544	Jul-2017	6391
105	CINT2006rate	Dell Inc.	Intel Xeon Gold 6126	24	2	12	2600	48	1360	1280	Aug-2017	6422
106	CINT2006rate	Dell Inc.	Intel Xeon Gold 6126	24	2	12	2600	48	1360	1280	Aug-2017	6422
107	CINT2006rate	Dell Inc.	Intel Xeon Gold 6126F	24	2	12	2600	48	1330	1230	Aug-2017	6422
108	CINT2006rate	Dell Inc.	Intel Xeon Gold 6126F	24	2	12	2600	48	1330	1230	Aug-2017	6422
109	CINT2006rate	Dell Inc.	Intel Xeon Gold 6128	12	2	6	3400	24	856	805	Aug-2017	6422
110	CINT2006rate	Dell Inc.	Intel Xeon Gold 6130	32	2	16	2100	64	1600	1520	Aug-2017	6422
111	CINT2006rate	Dell Inc.	Intel Xeon Gold 6134	16	2	8	3200	32	1030	979	Aug-2017	6422
112	CINT2006rate	Dell Inc.	Intel Xeon Gold 6138	40	2	20	2000	80	1820	1730	Aug-2017	6422
113	CINT2006rate	Dell Inc.	Intel Xeon Gold 6138F	40	2	20	2000	80	1840	1750	Aug-2017	6422
114	CINT2006rate	Dell Inc.	Intel Xeon Gold 6142	32	2	16	2600	64	1740	1650	Aug-2017	6422
115	CINT2006rate	Dell Inc.	Intel Xeon Gold 6142	32	2	16	2600	64	1700	1620	Aug-2017	6422
116	CINT2006rate	Dell Inc.	Intel Xeon Gold 6144	16	2	8	3500	32	1100	1040	Aug-2017	6422
117	CINT2006rate	Dell Inc.	Intel Xeon Gold 6146	24	2	12	3200	48	1540	1460	Aug-2017	6422
118	CINT2006rate	Dell Inc.	Intel Xeon Gold 6148F	40	2	20	2400	80	1990	1900	Aug-2017	6422
119	CINT2006rate	Dell Inc.	Intel Xeon Gold 6150	36	2	18	2700	72	1950	1850	Aug-2017	6422
120	CINT2006rate	Dell Inc.	Intel Xeon Gold 6150	36	2	18	2700	72	1950	1850	Aug-2017	6422
121	CINT2006rate	Dell Inc.	Intel Xeon Gold 5115	20	2	10	2400	40	994	952	Oct-2017	6483
122	CINT2006rate	Dell Inc.	Intel Xeon Gold 5118	24	2	12	2300	48	1170	1120	Sep-2017	6453
123	CINT2006rate	Dell Inc.	Intel Xeon Gold 5122	8	2	4	3600	16	573	544	Oct-2017	6483
124	CINT2006rate	Dell Inc.	Intel Xeon Gold 6126	24	2	12	2600	48	1360	1290	Oct-2017	6483
125	CINT2006rate	Dell Inc.	Intel Xeon Gold 6136	24	2	12	3000	48	1510	1430	Oct-2017	6483
126	CINT2006rate	Dell Inc.	Intel Xeon Gold 6136	24	2	12	3000	48	1500	1420	Sep-2017	6453
127	CINT2006rate	Dell Inc.	Intel Xeon Gold 6140	36	2	18	2300	72	1850	1760	Sep-2017	6453
128	CINT2006rate	Dell Inc.	Intel Xeon Gold 6142	32	2	16	2600	64	1760	1680	Sep-2017	6453
129	CINT2006rate	Dell Inc.	Intel Xeon Gold 6148	40	2	20	2400	80	1990	1900	Oct-2017	6483
130	CINT2006rate	Dell Inc.	Intel Xeon Gold 6152	44	2	22	2100	88	2020	1920	Oct-2017	6483
131	CINT2006rate	Dell Inc.	Intel Xeon Gold 5115	20	2	10	2400	40	1010	963	Sep-2017	6453
132	CINT2006rate	Dell Inc.	Intel Xeon Gold 5118	24	2	12	2300	48	1190	1140	Oct-2017	6483
133	CINT2006rate	Dell Inc.	Intel Xeon Gold 5120	28	2	14	2200	56	1340	1280	Sep-2017	6453
134	CINT2006rate	Dell Inc.	Intel Xeon Gold 5120	28	2	14	2200	56	1330	1270	Sep-2017	6453
135	CINT2006rate	Dell Inc.	Intel Xeon Gold 5122	8	2	4	3600	16	565	536	Sep-2017	6453
136	CINT2006rate	Dell Inc.	Intel Xeon Gold 6126	24	2	12	2600	48	1350	1290	Oct-2017	6483
137	CINT2006rate	Dell Inc.	Intel Xeon Gold 6128	12	2	6	3400	24	857	809	Sep-2017	6453
138	CINT2006rate	Dell Inc.	Intel Xeon Gold 6130	32	2	16	2100	64	1560	1480	Oct-2017	6483
139	CINT2006rate	Dell Inc.	Intel Xeon Gold 6132	28	2	14	2600	56	1570	1490	Oct-2017	6483
140	CINT2006rate	Dell Inc.	Intel Xeon Gold 6136	24	2	12	3000	48	1510	1430	Oct-2017	6483
141	CINT2006rate	Dell Inc.	Intel Xeon Gold 6138	40	2	20	2100	80	1820	1730	Oct-2017	6483
142	CINT2006rate	Dell Inc.	Intel Xeon Gold 6140	36	2	18	2300	72	1790	1700	Oct-2017	6483
143	CINT2006rate	Dell Inc.	Intel Xeon Gold 6142	32	2	16	2600	64	1710	1620	Oct-2017	6483
144	CINT2006rate	Dell Inc.	Intel Xeon Gold 6148	40	2	20	2400	80	1940	1850	Sep-2017	6453
145	CINT2006rate	Dell Inc.	Intel Xeon Gold 6150	36	2	18	2700	72	1930	1840	Oct-2017	6483
146	CINT2006rate	Dell Inc.	Intel Xeon Gold 6152	44	2	22	2100	88	2020	1920	Oct-2017	6483
147	CINT2006rate	Dell Inc.	Intel Xeon Gold 5122	8	2	4	3600	16	581	547	Sep-2017	6453
148	CINT2006rate	Dell Inc.	Intel Xeon Gold 6152	44	2	22	2100	88	0	1930	Sep-2017	6453
149	CINT2006rate	Dell Inc.	Intel Xeon Gold 5122	8	2	4	3600	16	0	544	Sep-2017	6453
150	CINT2006rate	Dell Inc.	Intel Xeon Gold 6138	40	2	20	2000	80	0	1730	Sep-2017	6453
151	CINT2006rate	Dell Inc.	Intel Xeon Gold 5115	20	2	10	2400	40	0	976	Aug-2017	6422
152	CINT2006rate	Dell Inc.	Intel Xeon Gold 5118	24	2	12	2300	48	1200	1140	Aug-2017	6422
153	CINT2006rate	Dell Inc.	Intel Xeon Gold 5120	28	2	14	2200	56	1350	1290	Aug-2017	6422
154	CINT2006rate	Dell Inc.	Intel Xeon Gold 5122	8	2	4	3600	16	571	541	Aug-2017	6422
155	CINT2006rate	Dell Inc.	Intel Xeon Gold 6126	24	2	12	2600	48	1400	1320	Aug-2017	6422
156	CINT2006rate	Dell Inc.	Intel Xeon Gold 6128	12	2	6	3400	24	856	809	Aug-2017	6422
157	CINT2006rate	Dell Inc.	Intel Xeon Gold 6130	32	2	16	2100	64	1600	1510	Aug-2017	6422
158	CINT2006rate	Dell Inc.	Intel Xeon Gold 6132	28	2	14	2600	56	1590	1510	Aug-2017	6422
159	CINT2006rate	Dell Inc.	Intel Xeon Gold 6134	16	2	8	3200	32	1100	1040	Sep-2017	6453
160	CINT2006rate	Dell Inc.	Intel Xeon Gold 6136	24	2	12	3000	48	0	1460	Aug-2017	6422
161	CINT2006rate	Dell Inc.	Intel Xeon Gold 6138	40	2	20	2000	80	1880	1780	Aug-2017	6422
162	CINT2006rate	Dell Inc.	Intel Xeon Gold 6140	36	2	18	2300	72	1860	1770	Aug-2017	6422
163	CINT2006rate	Dell Inc.	Intel Xeon Gold 6142	32	2	16	2600	64	1800	1710	Aug-2017	6422
164	CINT2006rate	Dell Inc.	Intel Xeon Gold 6144	16	2	8	3500	32	0	1120	Sep-2017	6453
165	CINT2006rate	Dell Inc.	Intel Xeon Gold 6146	24	2	12	3200	48	0	1540	Sep-2017	6453
166	CINT2006rate	Dell Inc.	Intel Xeon Gold 6148	40	2	20	2400	80	0	1950	Aug-2017	6422
167	CINT2006rate	Dell Inc.	Intel Xeon Gold 6150	36	2	18	2700	72	2020	1930	Aug-2017	6422
168	CINT2006rate	Dell Inc.	Intel Xeon Gold 6152	44	2	22	2100	88	2090	1990	Aug-2017	6422
169	CINT2006rate	Dell Inc.	Intel Xeon Gold 6154	36	2	18	3000	72	0	2040	Sep-2017	6453
170	CINT2006rate	Dell Inc.	Intel Xeon Gold 5115	20	2	10	2400	40	0	972	Jul-2017	6391
171	CINT2006rate	Dell Inc.	Intel Xeon Gold 5118	24	2	12	2300	48	0	1140	Jul-2017	6391
172	CINT2006rate	Dell Inc.	Intel Xeon Gold 5118	24	2	12	2300	48	0	1110	Jul-2017	6391
173	CINT2006rate	Dell Inc.	Intel Xeon Gold 5119T	28	2	14	1900	56	0	1180	Oct-2017	6483
174	CINT2006rate	Dell Inc.	Intel Xeon Gold 5120	28	2	14	2200	56	0	1280	Jul-2017	6391
175	CINT2006rate	Dell Inc.	Intel Xeon Gold 5120T	28	2	14	2200	56	0	1260	Oct-2017	6483
176	CINT2006rate	Dell Inc.	Intel Xeon Gold 5122	8	2	4	3600	16	0	540	Jul-2017	6391
177	CINT2006rate	Dell Inc.	Intel Xeon Gold 5122	8	2	4	3600	16	0	540	Jul-2017	6391
178	CINT2006rate	Dell Inc.	Intel Xeon Gold 6126	24	2	12	2600	48	0	1280	Jul-2017	6391
179	CINT2006rate	Dell Inc.	Intel Xeon Gold 6126T	24	2	12	2600	48	0	1320	Oct-2017	6483
180	CINT2006rate	Dell Inc.	Intel Xeon Gold 6128	12	2	6	3400	24	0	809	Jul-2017	6391
181	CINT2006rate	Dell Inc.	Intel Xeon Gold 6130	32	2	16	2100	64	0	1510	Jul-2017	6391
182	CINT2006rate	Dell Inc.	Intel Xeon Gold 6130T	32	2	16	2100	64	0	1520	Oct-2017	6483
183	CINT2006rate	Dell Inc.	Intel Xeon Gold 6132	28	2	14	2600	56	0	1510	Jul-2017	6391
184	CINT2006rate	Dell Inc.	Intel Xeon Gold 6134	16	2	8	3200	32	0	1030	Jul-2017	6391
185	CINT2006rate	Dell Inc.	Intel Xeon Gold 6136	24	2	12	3000	48	0	1450	Jul-2017	6391
186	CINT2006rate	Dell Inc.	Intel Xeon Gold 6138	40	2	20	2000	80	0	1760	Jul-2017	6391
187	CINT2006rate	Dell Inc.	Intel Xeon Gold 6138T	40	2	20	2100	80	0	1750	Oct-2017	6483
188	CINT2006rate	Dell Inc.	Intel Xeon Gold 6140	36	2	18	2300	72	0	1760	Jul-2017	6391
189	CINT2006rate	Dell Inc.	Intel Xeon Gold 6142	32	2	16	2600	64	0	1690	Jul-2017	6391
190	CINT2006rate	Dell Inc.	Intel Xeon Gold 6144	16	2	8	3500	32	0	1090	Sep-2017	6453
191	CINT2006rate	Dell Inc.	Intel Xeon Gold 6146	24	2	12	3200	48	0	1500	Sep-2017	6453
192	CINT2006rate	Dell Inc.	Intel Xeon Gold 6148	40	2	20	2400	80	0	1950	Jul-2017	6391
193	CINT2006rate	Dell Inc.	Intel Xeon Gold 6150	36	2	18	2700	72	0	1920	Jul-2017	6391
194	CINT2006rate	Dell Inc.	Intel Xeon Gold 6152	44	2	22	2100	88	0	1970	Jul-2017	6391
195	CINT2006rate	Dell Inc.	Intel Xeon Gold 6154	36	2	18	3000	72	0	2050	Jul-2017	6391
196	CINT2006rate	Dell Inc.	Intel Xeon Gold 5115	40	4	10	2400	80	1940	1840	Jul-2017	6391
197	CINT2006rate	Dell Inc.	Intel Xeon Gold 5118	48	4	12	2300	96	2330	2200	Jul-2017	6391
198	CINT2006rate	Dell Inc.	Intel Xeon Gold 5120	56	4	14	2200	112	2610	2460	Jul-2017	6391
199	CINT2006rate	Dell Inc.	Intel Xeon Gold 5122	16	4	4	3600	32	1150	1080	Jul-2017	6391
200	CINT2006rate	Dell Inc.	Intel Xeon Gold 6126	48	4	12	2600	96	2660	2520	Jul-2017	6391
201	CINT2006rate	Dell Inc.	Intel Xeon Gold 6128	24	4	6	3400	48	1690	1600	Jul-2017	6391
202	CINT2006rate	Dell Inc.	Intel Xeon Gold 6130	64	4	16	2100	128	3080	2920	Jul-2017	6391
203	CINT2006rate	Dell Inc.	Intel Xeon Gold 6132	56	4	14	2600	112	3090	2930	Jul-2017	6391
204	CINT2006rate	Dell Inc.	Intel Xeon Gold 6134	32	4	8	3200	64	2150	2030	Jul-2017	6391
205	CINT2006rate	Dell Inc.	Intel Xeon Gold 6136	48	4	12	3000	96	3040	2860	Jul-2017	6391
206	CINT2006rate	Dell Inc.	Intel Xeon Gold 6138	80	4	20	2000	160	3530	3340	Jul-2017	6391
207	CINT2006rate	Dell Inc.	Intel Xeon Gold 6140	72	4	18	2300	144	3560	3370	Jul-2017	6391
208	CINT2006rate	Dell Inc.	Intel Xeon Gold 6142	64	4	16	2600	128	3450	3280	Jul-2017	6391
209	CINT2006rate	Dell Inc.	Intel Xeon Gold 6144	32	4	8	3500	64	2260	2130	Sep-2017	6453
210	CINT2006rate	Dell Inc.	Intel Xeon Gold 6146	48	4	12	3200	96	3090	2920	Sep-2017	6453
211	CINT2006rate	Dell Inc.	Intel Xeon Gold 6148	80	4	20	2400	160	3910	3730	Jul-2017	6391
212	CINT2006rate	Dell Inc.	Intel Xeon Gold 6150	72	4	18	2700	144	3900	3710	Jul-2017	6391
213	CINT2006rate	Dell Inc.	Intel Xeon Gold 6152	88	4	22	2100	176	4030	3820	Jul-2017	6391
214	CINT2006rate	Dell Inc.	Intel Xeon Gold 6154	72	4	18	3000	144	4230	4040	Jul-2017	6391
215	CINT2006rate	Dell Inc.	Intel Xeon Gold 5122	8	2	4	3600	16	571	541	Sep-2017	6453
216	CINT2006rate	Fujitsu	Intel Xeon Gold 5115	20	2	10	2400	40	0	980	Sep-2017	6453
217	CINT2006rate	Fujitsu	Intel Xeon Gold 5118	24	2	12	2300	48	0	1160	Sep-2017	6453
218	CINT2006rate	Fujitsu	Intel Xeon Gold 5120	28	2	14	2200	56	0	1310	Sep-2017	6453
219	CINT2006rate	Fujitsu	Intel Xeon Gold 5122	8	2	4	3600	16	0	547	Sep-2017	6453
220	CINT2006rate	Fujitsu	Intel Xeon Gold 6126	24	2	12	2600	48	0	1310	Sep-2017	6453
221	CINT2006rate	Fujitsu	Intel Xeon Gold 6128	12	2	6	3400	24	0	822	Sep-2017	6453
222	CINT2006rate	Fujitsu	Intel Xeon Gold 6130	32	2	16	2100	64	0	1560	Sep-2017	6453
223	CINT2006rate	Fujitsu	Intel Xeon Gold 6132	28	2	14	2600	56	0	1540	Sep-2017	6453
224	CINT2006rate	Fujitsu	Intel Xeon Gold 6134	16	2	8	3200	32	0	1060	Sep-2017	6453
225	CINT2006rate	Fujitsu	Intel Xeon Gold 6136	24	2	12	3000	48	0	1480	Sep-2017	6453
226	CINT2006rate	Fujitsu	Intel Xeon Gold 6138	40	2	20	2000	80	0	1770	Sep-2017	6453
227	CINT2006rate	Fujitsu	Intel Xeon Gold 6140	36	2	18	2300	72	0	1760	Sep-2017	6453
228	CINT2006rate	Fujitsu	Intel Xeon Gold 6142	32	2	16	2600	64	0	1710	Sep-2017	6453
229	CINT2006rate	Fujitsu	Intel Xeon Gold 6144	16	2	8	3500	32	0	1120	Sep-2017	6453
230	CINT2006rate	Fujitsu	Intel Xeon Gold 6146	24	2	12	3200	48	0	1540	Sep-2017	6453
231	CINT2006rate	Fujitsu	Intel Xeon Gold 6148	40	2	20	2400	80	0	1940	Sep-2017	6453
232	CINT2006rate	Fujitsu	Intel Xeon Gold 6150	36	2	18	2700	72	0	1900	Sep-2017	6453
233	CINT2006rate	Fujitsu	Intel Xeon Gold 6152	44	2	22	2100	88	2090	1990	Sep-2017	6453
234	CINT2006rate	Fujitsu	Intel Xeon Gold 6154	36	2	18	3000	72	0	2090	Sep-2017	6453
235	CINT2006rate	H3C	H3C UniServer R4900 G3	36	2	18	2300	72	1830	1740	Aug-2017	6422
236	CINT2006rate	H3C	Intel Xeon Gold 6140	36	2	18	2300	72	1870	1770	Sep-2017	6453
237	CINT2006rate	Huawei	Intel Xeon Gold 5115	20	2	10	2400	40	1040	987	Sep-2017	6453
238	CINT2006rate	Huawei	Intel Xeon Gold 5115	20	2	10	2400	40	1020	949	Jul-2017	6391
239	CINT2006rate	Huawei	Intel Xeon Gold 5118	24	2	12	2300	48	1210	1150	Aug-2017	6422
240	CINT2006rate	Huawei	Intel Xeon Gold 5118	24	2	12	2300	48	1180	1090	Jul-2017	6391
241	CINT2006rate	Huawei	Intel Xeon Gold 5120	28	2	14	2200	56	1360	1290	Sep-2017	6453
242	CINT2006rate	Huawei	Intel Xeon Gold 5120	28	2	14	2200	56	1330	1240	Jul-2017	6391
243	CINT2006rate	Huawei	Intel Xeon Gold 5122	8	2	4	3600	16	604	565	Jul-2017	6391
244	CINT2006rate	Huawei	Intel Xeon Gold 6126	24	2	12	2600	48	1430	1330	Jul-2017	6391
245	CINT2006rate	Huawei	Intel Xeon Gold 6128	12	2	6	3400	24	884	827	Jul-2017	6391
246	CINT2006rate	Huawei	Intel Xeon Gold 6130	32	2	16	2100	64	1580	1480	Jul-2017	6391
247	CINT2006rate	Huawei	Intel Xeon Gold 6132	28	2	14	2600	56	1620	1520	Jul-2017	6391
248	CINT2006rate	Huawei	Intel Xeon Gold 6134	16	2	8	3200	32	1130	1050	Jul-2017	6391
249	CINT2006rate	Huawei	Intel Xeon Gold 6136	24	2	12	3000	48	1570	1470	Jul-2017	6391
250	CINT2006rate	Huawei	Intel Xeon Gold 6138	40	2	20	2000	80	1840	1740	Jul-2017	6391
251	CINT2006rate	Huawei	Intel Xeon Gold 6140	36	2	18	2300	72	1850	1740	Jul-2017	6391
252	CINT2006rate	Huawei	Intel Xeon Gold 6142	32	2	16	2600	64	1800	1690	Jul-2017	6391
253	CINT2006rate	Huawei	Intel Xeon Gold 6148	40	2	20	2400	80	2040	1930	Jul-2017	6391
254	CINT2006rate	Huawei	Intel Xeon Gold 6150	36	2	18	2700	72	2040	1940	Jul-2017	6391
255	CINT2006rate	Huawei	Intel Xeon Gold 6152	44	2	22	2100	88	2090	1970	Jul-2017	6391
256	CINT2006rate	Huawei	Intel Xeon Gold 6154	36	2	18	3000	72	2180	2070	Jul-2017	6391
257	CINT2006rate	Huawei	Intel Xeon Gold 5115	20	2	10	2400	40	1040	987	Sep-2017	6453
258	CINT2006rate	Huawei	Intel Xeon Gold 5115	20	2	10	2400	40	1020	947	Jul-2017	6391
259	CINT2006rate	Huawei	Intel Xeon Gold 5118	24	2	12	2300	48	1210	1150	Aug-2017	6422
260	CINT2006rate	Huawei	Intel Xeon Gold 5118	24	2	12	2300	48	1180	1090	Jul-2017	6391
261	CINT2006rate	Huawei	Intel Xeon Gold 5120	28	2	14	2200	56	1360	1290	Sep-2017	6453
262	CINT2006rate	Huawei	Intel Xeon Gold 5120	28	2	14	2200	56	1330	1240	Jul-2017	6391
263	CINT2006rate	Huawei	Intel Xeon Gold 5122	8	2	4	3600	16	604	564	Jul-2017	6391
264	CINT2006rate	Huawei	Intel Xeon Gold 6126	24	2	12	2600	48	1430	1330	Jul-2017	6391
265	CINT2006rate	Huawei	Intel Xeon Gold 6128	12	2	6	3400	24	885	828	Jul-2017	6391
266	CINT2006rate	Huawei	Intel Xeon Gold 6130	32	2	16	2100	64	1580	1480	Jul-2017	6391
267	CINT2006rate	Huawei	Intel Xeon Gold 6132	28	2	14	2600	56	1620	1520	Jul-2017	6391
268	CINT2006rate	Huawei	Intel Xeon Gold 6134	16	2	8	3200	32	1130	1050	Jul-2017	6391
269	CINT2006rate	Huawei	Intel Xeon Gold 6136	24	2	12	3000	48	1570	1470	Jul-2017	6391
270	CINT2006rate	Huawei	Intel Xeon Gold 6138	40	2	20	2000	80	1840	1740	Jul-2017	6391
271	CINT2006rate	Huawei	Intel Xeon Gold 6140	36	2	18	2300	72	1850	1740	Jul-2017	6391
272	CINT2006rate	Huawei	Intel Xeon Gold 6142	32	2	16	2600	64	1800	1700	Jul-2017	6391
273	CINT2006rate	Huawei	Intel Xeon Gold 6144	16	2	8	3500	32	1140	1090	Sep-2017	6453
274	CINT2006rate	Huawei	Intel Xeon Gold 6148	40	2	20	2400	80	2050	1930	Jul-2017	6391
275	CINT2006rate	Huawei	Intel Xeon Gold 6150	36	2	18	2700	72	2040	1940	Jul-2017	6391
276	CINT2006rate	Huawei	Intel Xeon Gold 6152	44	2	22	2100	88	2090	1960	Jul-2017	6391
277	CINT2006rate	Huawei	Intel Xeon Gold 6154	36	2	18	3000	72	2180	2070	Jul-2017	6391
278	CINT2006rate	Huawei	Intel Xeon Gold 5120	56	4	14	2200	112	2620	2470	Sep-2017	6453
279	CINT2006rate	Huawei	Intel Xeon Gold 5122	16	4	4	3600	32	1160	1090	Sep-2017	6453
280	CINT2006rate	Huawei	Intel Xeon Gold 6126	48	4	12	2600	96	2750	2600	Sep-2017	6453
281	CINT2006rate	Huawei	Intel Xeon Gold 6126T	48	4	12	2600	96	2720	2580	Sep-2017	6453
282	CINT2006rate	Huawei	Intel Xeon Gold 6130	64	4	16	2100	128	3080	2920	Sep-2017	6453
283	CINT2006rate	Huawei	Intel Xeon Gold 6130T	64	4	16	2100	128	3130	2970	Sep-2017	6453
284	CINT2006rate	Huawei	Intel Xeon Gold 6134M	32	4	8	3200	64	2210	2080	Sep-2017	6453
285	CINT2006rate	Huawei	Intel Xeon Gold 6136	48	4	12	3000	96	3040	2870	Sep-2017	6453
286	CINT2006rate	Huawei	Intel Xeon Gold 6138	80	4	20	2000	160	3550	3390	Sep-2017	6453
287	CINT2006rate	Huawei	Intel Xeon Gold 6138T	80	4	20	2000	160	3560	3390	Sep-2017	6453
288	CINT2006rate	Huawei	Intel Xeon Gold 6140M	72	4	18	2300	144	3630	3450	Sep-2017	6453
289	CINT2006rate	Huawei	Intel Xeon Gold 6142	64	4	16	2600	128	3420	3240	Sep-2017	6453
290	CINT2006rate	Huawei	Intel Xeon Gold 6148	80	4	20	2400	160	3960	3780	Sep-2017	6453
291	CINT2006rate	Huawei	Intel Xeon Gold 6150	72	4	18	2700	144	3940	3760	Sep-2017	6453
292	CINT2006rate	Huawei	Intel Xeon Gold 6152	88	4	22	2100	176	3970	3790	Sep-2017	6453
293	CINT2006rate	Huawei	Intel Xeon Gold 6154	72	4	18	3000	144	4190	4000	Sep-2017	6453
294	CINT2006rate	Huawei	Intel Xeon Gold 5115	20	2	10	2400	40	1040	988	Sep-2017	6453
295	CINT2006rate	Huawei	Intel Xeon Gold 5115	20	2	10	2400	40	1020	948	Jul-2017	6391
296	CINT2006rate	Huawei	Intel Xeon Gold 5118	24	2	12	2300	48	1210	1150	Aug-2017	6422
297	CINT2006rate	Huawei	Intel Xeon Gold 5118	24	2	12	2300	48	1180	1090	Jul-2017	6391
298	CINT2006rate	Huawei	Intel Xeon Gold 5120	28	2	14	2200	56	1360	1290	Sep-2017	6453
299	CINT2006rate	Huawei	Intel Xeon Gold 5120	28	2	14	2200	56	1330	1240	Jul-2017	6391
300	CINT2006rate	Huawei	Intel Xeon Gold 5122	8	2	4	3600	16	604	564	Jul-2017	6391
301	CINT2006rate	Huawei	Intel Xeon Gold 6126	24	2	12	2600	48	1430	1330	Jul-2017	6391
302	CINT2006rate	Huawei	Intel Xeon Gold 6128	12	2	6	3400	24	885	828	Jul-2017	6391
303	CINT2006rate	Huawei	Intel Xeon Gold 6130	32	2	16	2100	64	1580	1480	Jul-2017	6391
304	CINT2006rate	Huawei	Intel Xeon Gold 6132	28	2	14	2600	56	1620	1520	Jul-2017	6391
305	CINT2006rate	Huawei	Intel Xeon Gold 6134	16	2	8	3200	32	1130	1050	Jul-2017	6391
306	CINT2006rate	Huawei	Intel Xeon Gold 6136	24	2	12	3000	48	1570	1470	Jul-2017	6391
307	CINT2006rate	Huawei	Intel Xeon Gold 6138	40	2	20	2000	80	1840	1740	Jul-2017	6391
308	CINT2006rate	Huawei	Intel Xeon Gold 6140	36	2	18	2300	72	1850	1740	Jul-2017	6391
309	CINT2006rate	Huawei	Intel Xeon Gold 6142	32	2	16	2600	64	1800	1690	Jul-2017	6391
310	CINT2006rate	Huawei	Intel Xeon Gold 6148	40	2	20	2400	80	2050	1940	Jul-2017	6391
311	CINT2006rate	Huawei	Intel Xeon Gold 6150	36	2	18	2700	72	2040	1930	Jul-2017	6391
312	CINT2006rate	Huawei	Intel Xeon Gold 6152	44	2	22	2100	88	2090	1970	Jul-2017	6391
313	CINT2006rate	Huawei	Intel Xeon Gold 6154	36	2	18	3000	72	2180	2070	Jul-2017	6391
314	CINT2006rate	Lenovo Global Technology	Intel Xeon Gold 6138	40	2	20	2000	80	1870	1770	Oct-2017	6483
315	CINT2006rate	Lenovo Global Technology	Intel Xeon Gold 6138T	40	2	20	2000	80	1810	1700	Oct-2017	6483
316	CINT2006rate	Lenovo Global Technology	Intel Xeon Gold 6130	32	2	16	2100	64	1610	1530	Oct-2017	6483
317	CINT2006rate	Lenovo Global Technology	Intel Xeon Gold 6130T	32	2	16	2100	64	1580	1510	Oct-2017	6483
318	CINT2006rate	Lenovo Global Technology	Intel Xeon Gold 6130T	32	2	16	2100	64	1600	1530	Oct-2017	6483
319	CINT2006rate	Lenovo Global Technology	Intel Xeon Gold 6152	44	2	22	2100	88	2010	1910	Oct-2017	6483
320	CINT2006rate	Lenovo Global Technology	Intel Xeon Gold 5120	28	2	14	2200	56	1310	1220	Oct-2017	6483
321	CINT2006rate	Lenovo Global Technology	Intel Xeon Gold 5120T	28	2	14	2200	56	1330	1270	Oct-2017	6483
322	CINT2006rate	Lenovo Global Technology	Intel Xeon Gold 5118	24	2	12	2300	48	1180	1130	Oct-2017	6483
323	CINT2006rate	Lenovo Global Technology	Intel Xeon Gold 6140	36	2	18	2300	72	1850	1750	Oct-2017	6483
324	CINT2006rate	Lenovo Global Technology	Intel Xeon Gold 5115	20	2	10	2400	40	1010	964	Oct-2017	6483
325	CINT2006rate	Lenovo Global Technology	Intel Xeon Gold 6148	40	2	20	2400	80	2020	1910	Oct-2017	6483
326	CINT2006rate	Lenovo Global Technology	Intel Xeon Gold 6126	24	2	12	2600	48	1340	1270	Oct-2017	6483
327	CINT2006rate	Lenovo Global Technology	Intel Xeon Gold 6142	32	2	16	2600	64	1780	1680	Oct-2017	6483
328	CINT2006rate	Lenovo Global Technology	Intel Xeon Gold 6150	36	2	18	2700	72	2010	1900	Oct-2017	6483
329	CINT2006rate	Lenovo Global Technology	Intel Xeon Gold 6136	24	2	12	3000	48	1550	1460	Oct-2017	6483
330	CINT2006rate	Lenovo Global Technology	Intel Xeon Gold 6134	16	2	8	3200	32	1110	1040	Oct-2017	6483
331	CINT2006rate	Lenovo Global Technology	Intel Xeon Gold 5122	8	2	4	3600	16	569	540	Oct-2017	6483
332	CINT2006rate	Lenovo Global Technology	Intel Xeon Gold 6138	40	2	20	2000	80	1900	1780	Sep-2017	6453
333	CINT2006rate	Lenovo Global Technology	Intel Xeon Gold 6130	32	2	16	2100	64	1630	1550	Sep-2017	6453
334	CINT2006rate	Lenovo Global Technology	Intel Xeon Gold 6130T	32	2	16	2100	64	1630	1550	Sep-2017	6453
335	CINT2006rate	Lenovo Global Technology	Intel Xeon Gold 6152	44	2	22	2100	88	2070	1960	Sep-2017	6453
336	CINT2006rate	Lenovo Global Technology	Intel Xeon Gold 5120	28	2	14	2200	56	1340	1280	Oct-2017	6483
337	CINT2006rate	Lenovo Global Technology	Intel Xeon Gold 5120T	28	2	14	2200	56	1350	1290	Oct-2017	6483
338	CINT2006rate	Lenovo Global Technology	Intel Xeon Gold 5118	24	2	12	2300	48	1200	1150	Sep-2017	6453
339	CINT2006rate	Lenovo Global Technology	Intel Xeon Gold 6140	36	2	18	2300	72	1870	1800	Sep-2017	6453
340	CINT2006rate	Lenovo Global Technology	Intel Xeon Gold 5115	20	2	10	2400	40	1020	972	Oct-2017	6483
341	CINT2006rate	Lenovo Global Technology	Intel Xeon Gold 6148	40	2	20	2400	80	2040	1960	Oct-2017	6483
342	CINT2006rate	Lenovo Global Technology	Intel Xeon Gold 6126	24	2	12	2600	48	1410	1320	Oct-2017	6483
343	CINT2006rate	Lenovo Global Technology	Intel Xeon Gold 6142	32	2	16	2600	64	1810	1700	Sep-2017	6453
344	CINT2006rate	Lenovo Global Technology	Intel Xeon Gold 6150	36	2	18	2700	72	2040	1930	Sep-2017	6453
345	CINT2006rate	Lenovo Global Technology	Intel Xeon Gold 6136	24	2	12	3000	48	1560	1460	Oct-2017	6483
346	CINT2006rate	Lenovo Global Technology	Intel Xeon Gold 6134	16	2	8	3200	32	1110	1040	Oct-2017	6483
347	CINT2006rate	Lenovo Global Technology	Intel Xeon Gold 5122	8	2	4	3600	16	579	542	Oct-2017	6483
348	CINT2006rate	Lenovo Global Technology	Intel Xeon Gold 6138	80	4	20	2000	160	3670	3460	Oct-2017	6483
349	CINT2006rate	Lenovo Global Technology	Intel Xeon Gold 6130	64	4	16	2100	128	3140	2950	Oct-2017	6483
350	CINT2006rate	Lenovo Global Technology	Intel Xeon Gold 6130T	64	4	16	2100	128	3130	2980	Oct-2017	6483
351	CINT2006rate	Lenovo Global Technology	Intel Xeon Gold 6152	88	4	22	2100	176	3990	3790	Oct-2017	6483
352	CINT2006rate	Lenovo Global Technology	Intel Xeon Gold 5120	56	4	14	2200	112	2660	2540	Oct-2017	6483
353	CINT2006rate	Lenovo Global Technology	Intel Xeon Gold 5120T	56	4	14	2200	112	2640	2520	Oct-2017	6483
354	CINT2006rate	Lenovo Global Technology	Intel Xeon Gold 5118	48	4	12	2300	96	2390	2270	Oct-2017	6483
355	CINT2006rate	Lenovo Global Technology	Intel Xeon Gold 6140	72	4	18	2300	144	3640	3440	Oct-2017	6483
356	CINT2006rate	Lenovo Global Technology	Intel Xeon Gold 5115	40	4	10	2400	80	1980	1890	Oct-2017	6483
357	CINT2006rate	Lenovo Global Technology	Intel Xeon Gold 6148	80	4	20	2400	160	3960	3750	Sep-2017	6453
358	CINT2006rate	Lenovo Global Technology	Intel Xeon Gold 6126	48	4	12	2600	96	2700	2550	Oct-2017	6483
359	CINT2006rate	Lenovo Global Technology	Intel Xeon Gold 6142	64	4	16	2600	128	3510	3320	Oct-2017	6483
360	CINT2006rate	Lenovo Global Technology	Intel Xeon Gold 6150	72	4	18	2700	144	3980	3780	Sep-2017	6453
361	CINT2006rate	Lenovo Global Technology	Intel Xeon Gold 6136	48	4	12	3000	96	3030	2850	Oct-2017	6483
362	CINT2006rate	Lenovo Global Technology	Intel Xeon Gold 6134	32	4	8	3200	64	2180	2040	Oct-2017	6483
363	CINT2006rate	Lenovo Global Technology	Intel Xeon Gold 5122	16	4	4	3600	32	1150	1080	Oct-2017	6483
364	CINT2006rate	Lenovo Global Technology	Intel Xeon Gold 6138	40	2	20	2000	80	1860	1750	Jul-2017	6391
365	CINT2006rate	Lenovo Global Technology	Intel Xeon Gold 6130	32	2	16	2100	64	1580	1510	Sep-2017	6453
366	CINT2006rate	Lenovo Global Technology	Intel Xeon Gold 6130T	32	2	16	2100	64	1600	1530	Sep-2017	6453
367	CINT2006rate	Lenovo Global Technology	Intel Xeon Gold 5120	28	2	14	2200	56	1320	1260	Sep-2017	6453
368	CINT2006rate	Lenovo Global Technology	Intel Xeon Gold 5120T	28	2	14	2200	56	1330	1270	Sep-2017	6453
369	CINT2006rate	Lenovo Global Technology	Intel Xeon Gold 5118	24	2	12	2300	48	1190	1130	Sep-2017	6453
370	CINT2006rate	Lenovo Global Technology	Intel Xeon Gold 5115	20	2	10	2400	40	1010	966	Oct-2017	6483
371	CINT2006rate	Lenovo Global Technology	Intel Xeon Gold 6126	24	2	12	2600	48	1380	1310	Sep-2017	6453
372	CINT2006rate	Lenovo Global Technology	Intel Xeon Gold 6126T	24	2	12	2600	48	1400	1310	Sep-2017	6453
373	CINT2006rate	Lenovo Global Technology	Intel Xeon Gold 5122	8	2	4	3600	16	591	555	Oct-2017	6483
374	CINT2006rate	Lenovo Global Technology	Intel Xeon Gold 6138	40	2	20	2000	80	1860	1760	Jul-2017	6391
375	CINT2006rate	Lenovo Global Technology	Intel Xeon Gold 6130	32	2	16	2100	64	1590	1520	Sep-2017	6453
376	CINT2006rate	Lenovo Global Technology	Intel Xeon Gold 6130T	32	2	16	2100	64	1600	1530	Sep-2017	6453
377	CINT2006rate	Lenovo Global Technology	Intel Xeon Gold 5120	28	2	14	2200	56	1330	1260	Sep-2017	6453
378	CINT2006rate	Lenovo Global Technology	Intel Xeon Gold 5120T	28	2	14	2200	56	1330	1270	Sep-2017	6453
379	CINT2006rate	Lenovo Global Technology	Intel Xeon Gold 5118	24	2	12	2300	48	1190	1130	Sep-2017	6453
380	CINT2006rate	Lenovo Global Technology	Intel Xeon Gold 5115	20	2	10	2400	40	1010	967	Oct-2017	6483
381	CINT2006rate	Lenovo Global Technology	Intel Xeon Gold 6126	24	2	12	2600	48	1380	1320	Sep-2017	6453
382	CINT2006rate	Lenovo Global Technology	Intel Xeon Gold 6126T	24	2	12	2600	48	1400	1310	Sep-2017	6453
383	CINT2006rate	Lenovo Global Technology	Intel Xeon Gold 5122	8	2	4	3600	16	593	555	Sep-2017	6453
384	CINT2006rate	Lenovo Global Technology	Intel Xeon Gold 6138	40	2	20	2000	80	1880	1780	Oct-2017	6483
385	CINT2006rate	Lenovo Global Technology	Intel Xeon Gold 6130	32	2	16	2100	64	1610	1530	Oct-2017	6483
386	CINT2006rate	Lenovo Global Technology	Intel Xeon Gold 6130T	32	2	16	2100	64	1620	1550	Oct-2017	6483
387	CINT2006rate	Lenovo Global Technology	Intel Xeon Gold 6152	44	2	22	2100	88	2040	1940	Oct-2017	6483
388	CINT2006rate	Lenovo Global Technology	Intel Xeon Gold 5120	28	2	14	2200	56	1330	1270	Oct-2017	6483
389	CINT2006rate	Lenovo Global Technology	Intel Xeon Gold 5120T	28	2	14	2200	56	1340	1280	Oct-2017	6483
390	CINT2006rate	Lenovo Global Technology	Intel Xeon Gold 5118	24	2	12	2300	48	1200	1150	Oct-2017	6483
391	CINT2006rate	Lenovo Global Technology	Intel Xeon Gold 6140	36	2	18	2300	72	1850	1770	Oct-2017	6483
392	CINT2006rate	Lenovo Global Technology	Intel Xeon Gold 5115	20	2	10	2400	40	1020	973	Oct-2017	6483
393	CINT2006rate	Lenovo Global Technology	Intel Xeon Gold 6148	40	2	20	2400	80	2040	1940	Oct-2017	6483
394	CINT2006rate	Lenovo Global Technology	Intel Xeon Gold 6126	24	2	12	2600	48	1400	1330	Oct-2017	6483
395	CINT2006rate	Lenovo Global Technology	Intel Xeon Gold 6126T	24	2	12	2600	48	1380	1310	Oct-2017	6483
396	CINT2006rate	Lenovo Global Technology	Intel Xeon Gold 6142	32	2	16	2600	64	1760	1670	Oct-2017	6483
397	CINT2006rate	Lenovo Global Technology	Intel Xeon Gold 6150	36	2	18	2700	72	2020	1930	Oct-2017	6483
398	CINT2006rate	Lenovo Global Technology	Intel Xeon Gold 6136	24	2	12	3000	48	1540	1460	Oct-2017	6483
399	CINT2006rate	Lenovo Global Technology	Intel Xeon Gold 6154	36	2	18	3000	72	2140	2030	Oct-2017	6483
400	CINT2006rate	Lenovo Global Technology	Intel Xeon Gold 6134	16	2	8	3200	32	1100	1040	Oct-2017	6483
401	CINT2006rate	Lenovo Global Technology	Intel Xeon Gold 5122	8	2	4	3600	16	579	544	Oct-2017	6483
402	CINT2006rate	Lenovo Global Technology	Intel Xeon Gold 6138	40	2	20	2000	80	1880	1780	Oct-2017	6483
403	CINT2006rate	Lenovo Global Technology	Intel Xeon Gold 6138T	40	2	20	2000	80	1820	1730	Oct-2017	6483
404	CINT2006rate	Lenovo Global Technology	Intel Xeon Gold 6130	32	2	16	2100	64	1620	1550	Oct-2017	6483
405	CINT2006rate	Lenovo Global Technology	Intel Xeon Gold 6130T	32	2	16	2100	64	1630	1560	Oct-2017	6483
406	CINT2006rate	Lenovo Global Technology	Intel Xeon Gold 6152	44	2	22	2100	88	2050	1950	Oct-2017	6483
407	CINT2006rate	Lenovo Global Technology	Intel Xeon Gold 5120	28	2	14	2200	56	1340	1280	Sep-2017	6453
408	CINT2006rate	Lenovo Global Technology	Intel Xeon Gold 5120T	28	2	14	2200	56	1340	1280	Oct-2017	6483
409	CINT2006rate	Lenovo Global Technology	Intel Xeon Gold 5118	24	2	12	2300	48	1200	1150	Sep-2017	6453
410	CINT2006rate	Lenovo Global Technology	Intel Xeon Gold 6140	36	2	18	2300	72	1870	1790	Oct-2017	6483
411	CINT2006rate	Lenovo Global Technology	Intel Xeon Gold 5115	20	2	10	2400	40	1020	969	Sep-2017	6453
412	CINT2006rate	Lenovo Global Technology	Intel Xeon Gold 6148	40	2	20	2400	80	2050	1950	Oct-2017	6483
413	CINT2006rate	Lenovo Global Technology	Intel Xeon Gold 6126	24	2	12	2600	48	1400	1330	Oct-2017	6483
414	CINT2006rate	Lenovo Global Technology	Intel Xeon Gold 6126T	24	2	12	2600	48	1380	1310	Oct-2017	6483
415	CINT2006rate	Lenovo Global Technology	Intel Xeon Gold 6142	32	2	16	2600	64	1790	1700	Oct-2017	6483
416	CINT2006rate	Lenovo Global Technology	Intel Xeon Gold 6150	36	2	18	2700	72	2030	1930	Oct-2017	6483
417	CINT2006rate	Lenovo Global Technology	Intel Xeon Gold 6136	24	2	12	3000	48	1550	1460	Oct-2017	6483
418	CINT2006rate	Lenovo Global Technology	Intel Xeon Gold 6154	36	2	18	3000	72	2140	2040	Oct-2017	6483
419	CINT2006rate	Lenovo Global Technology	Intel Xeon Gold 6134	16	2	8	3200	32	1110	1040	Oct-2017	6483
420	CINT2006rate	Lenovo Global Technology	Intel Xeon Gold 5122	8	2	4	3600	16	578	543	Oct-2017	6483
421	CINT2006rate	Lenovo Global Technology	Intel Xeon Gold 6138	80	4	20	2000	160	3770	3610	Oct-2017	6483
422	CINT2006rate	Lenovo Global Technology	Intel Xeon Gold 6130	64	4	16	2100	128	3190	2990	Oct-2017	6483
423	CINT2006rate	Lenovo Global Technology	Intel Xeon Gold 6130	32	2	16	2100	64	1610	1540	Sep-2017	6453
424	CINT2006rate	Lenovo Global Technology	Intel Xeon Gold 6152	88	4	22	2100	176	4060	3830	Oct-2017	6483
425	CINT2006rate	Lenovo Global Technology	Intel Xeon Gold 5115	40	4	10	2400	80	2030	1930	Sep-2017	6453
426	CINT2006rate	Lenovo Global Technology	Intel Xeon Gold 6148	80	4	20	2400	160	4030	3820	Oct-2017	6483
427	CINT2006rate	Lenovo Global Technology	Intel Xeon Gold 6126	48	4	12	2600	96	2760	2600	Oct-2017	6483
428	CINT2006rate	Lenovo Global Technology	Intel Xeon Gold 6126	48	4	12	2600	96	2760	2600	Sep-2017	6453
429	CINT2006rate	Lenovo Global Technology	Intel Xeon Gold 6142	64	4	16	2600	128	3490	3360	Oct-2017	6483
430	CINT2006rate	Lenovo Global Technology	Intel Xeon Gold 6150	72	4	18	2700	144	4050	3840	Oct-2017	6483
431	CINT2006rate	Lenovo Global Technology	Intel Xeon Gold 6136	48	4	12	3000	96	3080	2900	Oct-2017	6483
432	CINT2006rate	Lenovo Global Technology	Intel Xeon Gold 6130T	64	4	16	2100	128	3260	3110	Sep-2017	6453
433	CINT2006rate	Lenovo Global Technology	Intel Xeon Gold 6126	48	4	12	2600	96	2790	2650	Sep-2017	6453
434	CINT2006rate	Lenovo Global Technology	Intel Xeon Gold 6126T	48	4	12	2600	96	2820	2660	Sep-2017	6453
435	CINT2006rate	Lenovo Global Technology	Intel Xeon Gold 6132	56	4	14	2600	112	3210	3070	Sep-2017	6453
436	CINT2006rate	Lenovo Global Technology	Intel Xeon Gold 6134M	32	4	8	3200	64	2220	2090	Sep-2017	6453
437	CINT2006rate	Lenovo Global Technology	Intel Xeon Gold 6138	40	2	20	2000	80	1880	1760	Jul-2017	6391
438	CINT2006rate	Lenovo Global Technology	Intel Xeon Gold 6138T	40	2	20	2000	80	1810	1700	Sep-2017	6453
439	CINT2006rate	Lenovo Global Technology	Intel Xeon Gold 6130	32	2	16	2100	64	1610	1530	Sep-2017	6453
440	CINT2006rate	Lenovo Global Technology	Intel Xeon Gold 6130T	32	2	16	2100	64	1610	1540	Sep-2017	6453
441	CINT2006rate	Lenovo Global Technology	Intel Xeon Gold 5120	28	2	14	2200	56	1330	1270	Sep-2017	6453
442	CINT2006rate	Lenovo Global Technology	Intel Xeon Gold 5120T	28	2	14	2200	56	1340	1280	Sep-2017	6453
443	CINT2006rate	Lenovo Global Technology	Intel Xeon Gold 5118	24	2	12	2300	48	1190	1130	Sep-2017	6453
444	CINT2006rate	Lenovo Global Technology	Intel Xeon Gold 5115	20	2	10	2400	40	1020	973	Sep-2017	6453
445	CINT2006rate	Lenovo Global Technology	Intel Xeon Gold 6126	24	2	12	2600	48	1400	1310	Sep-2017	6453
446	CINT2006rate	Lenovo Global Technology	Intel Xeon Gold 6126T	24	2	12	2600	48	1400	1320	Sep-2017	6453
447	CINT2006rate	Lenovo Global Technology	Intel Xeon Gold 5122	8	2	4	3600	16	590	556	Sep-2017	6453
448	CINT2006rate	Supermicro	Intel Xeon Gold 5118	24	2	12	2300	48	1180	1110	Oct-2017	6483
449	CINT2006rate	Supermicro	Intel Xeon Gold 6148	40	2	20	2400	80	2090	1990	Oct-2017	6483
450	CINT2006rate	Supermicro	Intel Xeon Gold 6132	28	2	14	2600	56	1620	1530	Oct-2017	6483
